0,1,2,3,4,5,6,7,8,9,10,11,12
2018-02-01,11062.586512632677,11039.2935121665460732,12856.941849891585,1.2163316580815815,1.25869178082191780822,1.7621234158599287,0.00011001669113966294,0.000114220791573571656559,0.00013514392123831148,15.761999999999993,2.9470000000000005,2
2018-02-02,10768.653166137668,10897.3358321891313103,12723.284291750548,1.1851413416840640,1.23368192655445820003,1.7294094172553561,0.00010997846406301280,0.000113291243485929607953,0.00013381669262796963,-0.8050000000000018,-1.1520000000000004,1
2018-02-03,10163.393219708256,10705.6951707711624193,12516.956492941088,1.1045497748436414,1.18972990193350952845,1.6771380122756225,0.00010778062890137328,0.000110632659905773376986,0.00013155236066537642,3.2360000000000015,-0.10199999999999998,2
2018-02-04,9658.6350742363435634,10501.4436689480487466,12321.848993512668,1.0255762831735445,1.14609335860342189456,1.6079017292414592,0.00010546613995142684,0.000108468117264360520470,0.00012806396062450903,5.238000000000003,-3.4849999999999994,2
2018-02-05,9264.3051799724329954,10253.7256403464731616,12093.980011830704,0.96413028619060850236,1.10280365811252521038,1.5476220463231036,0.00010356526507119055,0.000106906279216677195199,0.00012563982862778942,6.192000000000002,-0.8760000000000002,1
2018-02-06,8793.5842881789904180,9928.0740876775793348,11796.898083914421,0.89544971103084190053,1.05572011961057023644,1.4847921197452229,0.00010142055205520552,0.000105489826986885763944,0.000123565219971807997626,-3.364000000000003,-1.0689999999999997,0
2018-02-07,8206.1579871945618664,9487.4199788310110409,11470.2826758441411639,0.81888440494375781142,1.00181139103232533889,1.4172252718008107,0.000099550176886792452830,0.000104484925060184825658,0.000121298753432451821983,8.576999999999998,3.224999999999999,0
2018-02-08,8029.0583975084391057,9096.2601969014249010,11218.8405435611646373,0.79852010276350506874,0.95147748454324418201,1.3579607027214823,0.000099203692490353220540,0.000103384756941802966908,0.000118907376569970520475,8.319,4.572000000000003,1
2018-02-09,7881.1876550504221636,8769.8878601204083050,10996.0337104120186120,0.76637277716032231175,0.89596227247464221203,1.3059624571481516,0.000097155067164179104478,0.000101275387220591555656,0.000116714578043872506397,4.617000000000004,4.101,1
2018-02-10,7765.9324064372489932,8515.1497715253190751,10799.3013856502062595,0.74929809338521400778,0.85673298686861668867,1.2689643347231874,0.000096608566775244299674,0.000100047403968551104455,0.000115432502865972187609,6.288000000000001,4.211,1
2018-02-11,7941.3577536888584919,8367.5536034643691410,10627.8541947525667855,0.79982828654808226793,0.84765564093656638644,1.2409832543432940,0.00010060997801231310,0.000101010796322384518425,0.000114826753580517989920,7.1179999999999986,5.271000000000002,0
2018-02-12,8225.6388621084946535,8215.9298529151663079,10448.4488499769765504,0.85974669677598665926,0.83931371631008613504,1.2070258662064812,0.00010449835187657618,0.000102016688110026619343,0.00011380217742540580,10.376999999999999,2.0690000000000004,2
2018-02-13,8369.6962305369420914,8199.3855410426213457,10262.1807544857429570,0.91398406671299513551,0.85623475651267801320,1.1738427241139680,0.00010900541386682957,0.000104035228453142642078,0.00011297046781126669,11.191999999999997,3.6120000000000005,1
2018-02-14,8459.1003661884224413,8170.1426248830581210,10093.8519912817935600,0.96495236381322957198,0.86565717084693948447,1.14507568129169755374,0.00011390795554854981,0.000105304008280303611132,0.00011224523711914161,7.3080000000000025,0.5559999999999996,0
2018-02-15,8600.0669831743160672,8182.9754048047274495,9933.2206547567807125,1.0090828414617202,0.87919911964980544747,1.11916473648852132416,0.00011742070960524213,0.000106617351268255188317,0.00011166781639860762,8.208000000000002,1.0289999999999997,0
2018-02-16,8817.6050552091515067,8379.4890067963731685,9849.7495315735984629,1.0279273933583438,0.91388312534741523068,1.10888750619686334468,0.00011664135744404801,0.000108220271040271040271,0.00011160889098511116,10.172999999999993,2.724,0
2018-02-17,9173.8702403883863352,8699.7824419887535588,9833.8450226586631635,1.0535721965800083,0.95663585904920767306,1.10980104557143850057,0.00011502866199532866,0.000109453751374273598241,0.00011190628498074454,5.018000000000001,0.11999999999999987,2
2018-02-18,9577.8800998328662686,8973.7973651130470106,9810.0762271697680502,1.0756688975392743,0.99481211093348161535,1.09913223970158936101,0.00011258557505850886,0.000110714633679169992019,0.00011114255092018197,8.260000000000002,-0.7579999999999999,0
2018-02-19,9992.5339643973878628,9225.8627049891271439,9790.1220153948977986,1.0971321223071577,1.03104073523280055594,1.08390473634215281961,0.00011016780167460187,0.000112075673154254463568,0.00010990280835259590,12.066000000000003,2.0110000000000006,0
2018-02-20,10365.509871776425,9482.8036131171647802,9740.6208405640584273,1.1114742833286947,1.06023437699902656098,1.06927068803299962922,0.00010762381257374010,0.000112651692509639839199,0.00010911220313236604,13.806999999999995,4.192,2
2018-02-21,10713.491588633381,9765.5390550871522811,9724.1538909865718386,1.1086552987049157,1.06824442164568407874,1.05813924610072075830,0.00010370219806763285,0.000110371890152148470155,0.00010831753600674057,8.533,3.2910000000000013,2
2018-02-22,10885.020797968786,10029.4427030907575863,9714.2789610980530543,1.0885588128044537,1.07105322250817277596,1.04793148392778511669,0.000099945743598439884687,0.000107548721722310991506,0.00010746426965105844,3.5790000000000033,2.4480000000000004,1
2018-02-23,10825.281707746330,10201.5396275520998542,9702.2521980326402167,1.0475919537990537,1.06162993184031158715,1.03579806275927599713,0.000096516139558232931727,0.000104554583089403696579,0.00010638756063976274,7.955000000000003,0.42499999999999993,2
2018-02-24,10679.313091536214,10335.8955384888459135,9669.1990339862419851,1.0095793270168594,1.05340728202630297126,1.02166250718590635141,0.000094154623745819397993,0.000102234838041587275288,0.000105378884823417117404,7.0889999999999995,-0.27800000000000014,1
2018-02-25,10505.950189495821,10435.6830012652906048,9624.1723467615076040,0.97235694428969359331,1.04194010163592064045,1.00793303403347707145,0.000092403877929522846063,0.000100015147096012812948,0.000104627987478353536699,9.927999999999995,0.634,0
2018-02-26,10128.525375120796,10420.9205024646781474,9576.2092331083359182,0.93263803235253102775,1.02070511671660511463,0.99673475939797314534,0.000092011526571726293852,0.000097876712542196831992,0.000104078782966368255504,11.605000000000004,0.7879999999999999,0
2018-02-27,9923.6666460380377725,10404.3517314278966738,9530.5464699085338302,0.91492775282466173804,1.00184436215425346617,0.98675295566274000557,0.000092135259916681760551,0.000096169500744503810108,0.000103629933291922110892,6.781,0.05399999999999991,2
2018-02-28,9967.8066402909040411,10396.5805287282910909,9488.8816982196368140,0.91529302108055284099,0.98155498745469751882,0.97593917849193099610,0.000091872759402759402759,0.000094336000355050594710,0.000103111460515985814451,9.459000000000005,3.358999999999999,0
2018-03-01,10101.068267383986,10390.2254125119338935,9461.9918741169597926,0.91448033761160714286,0.96206280535415504741,0.96301861545239530678,0.000090579796636683613610,0.000092506705129360858199,0.000102281287316980414527,3.366999999999999,4.155,0
2018-03-02,10236.276046968239,10371.1753439884521908,9456.3592745773039976,0.91196835266172977505,0.94221531250000000000,0.95304589180913498341,0.000089147640318508448242,0.000090890466648614495893,0.000101472279566369023238,2.4180000000000006,3.785000000000001,0
2018-03-03,10516.288845235971,10322.4591834448357753,9485.1610860070262262,0.91277324539363484087,0.92271212083158922841,0.94618809962414737135,0.000086752738698180453949,0.000089482965367965367965,0.000100577046941289174764,10.614,1.5940000000000003,1
2018-03-04,10818.103982936360,10370.8874591517700160,9538.7646901295328812,0.91194236371260833100,0.91343586300795978215,0.94125671385143758847,0.000084334257444402563136,0.000088312121743949750600,0.000099737570573139435415,10.758000000000004,2.83,0
2018-03-05,10963.658715266974,10465.7117578898882022,9622.2245799473359413,0.90657900937456275360,0.91093877699350059403,0.94295052948003714020,0.000082832342986084994359,0.000087341023755656108597,0.000099268902898267734107,5.377000000000001,2.169,2
2018-03-06,11137.810987585047,10619.4459075780848552,9708.5168423358438462,0.92690142078031044609,0.92068506146109791870,0.94657346239554317549,0.000083586591840370568324,0.000086920699235502517248,0.000098768353423740164072,3.561000000000001,2.446000000000001,2
2018-03-07,11233.926829901575,10735.0868631580813832,9784.6009703977653295,0.93324199441730635031,0.92261174568815026884,0.94789701597177082366,0.000083443937851123595506,0.000086151947441217150761,0.000098210163512151416732,6.480000000000003,3.0819999999999994,2
2018-03-08,11130.118760195876,10823.1872902378119575,9874.5386914558257911,0.92961404243439419319,0.92119502757032177008,0.95190651551035571654,0.000083928304638088545327,0.000085294613500272182907,0.000097754547116222828379,2.4880000000000004,5.681,2
2018-03-09,10811.515177043187,10814.7761663087785570,9972.9593713660771741,0.91751626986339559520,0.91473468346478676625,0.95776066223935355036,0.000085140666666666666667,0.000084751866242038216561,0.000097412776323278315310,10.131000000000004,5.947000000000001,2
2018-03-10,10343.311561420558,10653.4299675319019513,10007.9001414697814865,0.89260209295853047593,0.89956736673178900363,0.95869509276674793916,0.000086444368093922651934,0.000084715492843640291655,0.000097153607139787410824,16.689000000000004,3.71,0
2018-03-11,9890.2025996945813082,10513.9333269912228317,10043.3131367823286498,0.85170600529469137523,0.88923026313952676764,0.96087944982465918856,0.000086172521624670928921,0.000084844796889295516926,0.000097138211922451822614,5.232000000000001,1.9390000000000003,2
2018-03-12,9465.7831332602944036,10349.8263623865439900,10067.8906137822413833,0.82236838192216487655,0.87778534291495151050,0.96018875630095937188,0.000086901474296799224054,0.000085086304147465437788,0.000096818992584342116833,9.541,1.836,0
2018-03-13,9267.5630988297430912,10198.8596324452107493,10095.5600842559811115,0.80629214355673709249,0.86802709224318658281,0.95315581510495362514,0.000087099167856414440139,0.000085395586180857088918,0.000095623456691040960704,8.821,5.449,2
2018-03-14,9147.9933972384779892,9979.8000307896861329,10126.6792414494319576,0.79315020216201038888,0.85555798055400111919,0.94689795827227688228,0.000086782556008146639511,0.000085901561113732892874,0.000094412640048033623536,4.997000000000002,6.335000000000001,1
2018-03-15,9133.5845813349270935,9738.5010849234254566,10135.2265069265137381,0.78639313717188823031,0.83987274262490365076,0.93776687726976441009,0.000086080911996590666951,0.000086281448874475391072,0.000093233087118346597271,5.316,2.666000000000001,0
2018-03-16,8901.0815459492542702,9395.6832256635830845,10116.9797990229654406,0.75735560975609756098,0.80481069451257971827,0.92659576008008194432,0.000084987346735668789809,0.000085596780119899439180,0.000092086001146754383318,5.4959999999999996,0.4920000000000003,2
2018-03-17,8765.1810980753686988,9115.4543732968620235,10095.4070101944188792,0.73705133333333333333,0.77997384615384615385,0.91520165820367092146,0.000084047793764988009592,0.000085495822012207127387,0.000090953128955696202532,8.449,1.9279999999999997,1
2018-03-18,8493.5790288935597222,8880.5802557435145833,10041.6030093846104167,0.70872083085633404105,0.75778589332207444937,0.90034833492666775480,0.000083442274784039489922,0.000085278330602212208111,0.000089784584840894331571,6.644000000000003,-1.529,0
2018-03-19,8194.0646867688458333,8671.0288332118034722,9963.4216447582368056,0.67141387752222379004,0.73243352734182560349,0.88349117238323967636,0.000081743444802578565673,0.000084249194773625037982,0.000088636363889835496763,14.66299999999999,3.234,0
2018-03-20,8090.1724051814680556,8611.9495824652347222,9887.3503042625560185,0.65389930777871384443,0.71998208911100161892,0.86750608301270840620,0.000080699025571483920961,0.000083262013395575400852,0.000087634011543116020728,9.709999999999997,0.6,2
2018-03-21,8188.6228918210763889,8544.8924398258562500,9816.3867856730854167,0.65749380691399662732,0.70734500140765765766,0.85332734776220351237,0.000080083181998413957177,0.000082530344690573159829,0.000086767374801333790395,3.103000000000002,1.2850000000000001,2
2018-03-22,8308.9088118091705724,8539.6102613011094726,9758.0278177713208336,0.65734299942512216154,0.69754403505022440692,0.84016937687336080929,0.000078978134433487623264,0.000081521883273164861613,0.000085987849529780564263,2.7469999999999986,1.7870000000000004,0
2018-03-23,8449.5242315137920750,8471.8348330142022472,9668.8253738325929368,0.65743644447636833788,0.68327256755793226381,0.82566930719291255537,0.000077988076692630317555,0.000080675249290636400486,0.000085355770571827057183,1.698,4.7250000000000005,1
2018-03-24,8628.6660527970174691,8408.9539622527731742,9590.9225828328624535,0.66530813508064516129,0.66839223378474697078,0.81342127585236598978,0.000077522295829713292789,0.000079712129194104735027,0.000084833029432647001872,8.73,2.185,1
2018-03-25,8739.9380775345930976,8411.4308231199185393,9542.7529314726340613,0.66289332803468208092,0.65833092942098141158,0.80392418944602172740,0.000076260931001890359168,0.000078699519855211327584,0.000084314106223140766985,4.956000000000002,-0.7229999999999999,2
2018-03-26,8732.3521179268543189,8456.2522395175684062,9495.7570382543597022,0.65162984839564321460,0.65462545977424689050,0.79469436767543653222,0.000074758834339001645639,0.000077849284234752589183,0.000083811574136308643635,8.091000000000003,2.5170000000000003,0
2018-03-27,8595.3901103635952381,8453.1174512233194640,9439.5900768853957655,0.63620819466474405191,0.64679072055859487475,0.78450684071692691773,0.000073977098214285714286,0.000076882528937215012276,0.000083243961561886715842,8.939000000000005,3.1010000000000013,2
2018-03-28,8428.8437189466909396,8439.0990064936838023,9385.8089404492384830,0.61950086231675768899,0.63847276835752263256,0.77381714844302068121,0.000073431646563814866760,0.000076093321666083304165,0.000082602798160449667859,12.364999999999995,3.637000000000001,2
2018-03-29,8305.8612117603921019,8466.1096390187405684,9321.7028282965902745,0.60857765751445086705,0.63699260621799033398,0.76282991202207703375,0.000073205564311849141571,0.000075642412947523295733,0.000082020596181680336343,9.615999999999996,4.114999999999998,2
2018-03-30,8055.2605316910001401,8395.2153847001283588,9224.4993366277960817,0.58789354838709677419,0.62549582204188102311,0.74997374131985450423,0.000072857209557813787421,0.000074686823320208306872,0.000081480502878546160782,2.6089999999999995,2.7150000000000003,1
2018-03-31,7737.0935860429434644,8227.0467527429191057,9099.7980288202052213,0.56094544365192582026,0.60557552705933492719,0.73571503259637188209,0.000072405985714285714286,0.000073499343614580678053,0.000080950749228582325001,12.23599999999999,5.03,2
2018-04-01,7483.2566272698833171,8037.0459093117561724,8978.4815847650404858,0.53993051365964712578,0.58774935682566967483,0.72235730498464446019,0.000072114791566842357451,0.000072975130188192833204,0.000080554882256202106442,6.877000000000002,1.0300000000000007,0
2018-04-02,7250.6198456323381495,7837.3796656339719626,8838.8512444988158783,0.52159111127084531340,0.57055205131891037159,0.70873054845429153056,0.000071887355452549402293,0.000072605700678496868476,0.000080254376688948940407,3.7299999999999986,4.66,1
2018-04-03,7059.5431306554390108,7680.2098875462972521,8692.1751456248823789,0.50390876568132660418,0.55618545618593907897,0.69497353146189956850,0.000071397166546503244412,0.000072230098522167487685,0.000079994222214249838559,7.565000000000001,4.009,2
2018-04-04,6991.1042228269116214,7521.5021976369063744,8559.5792822020227178,0.49781689411425274091,0.54269461666546007384,0.68191688008926239821,0.000071253996134331964243,0.000072004341174958220851,0.000079690430663532815042,3.502,1.8599999999999999,2
2018-04-05,7037.0604361096367432,7387.4549787506702357,8413.3360410242214050,0.50192402550355021011,0.53166866786484543494,0.66490536639262462577,0.000071383153826975816505,0.000071906311814859926918,0.000078999301787746411659,2.774,1.6849999999999996,2
2018-04-06,6988.7758633130020877,7236.2808619634158381,8267.7691826687442391,0.49798132344386271088,0.51918662878515428325,0.64972922575580980471,0.000071324850049164208456,0.000071724900509585052172,0.000078551431062629860493,11.353999999999997,0.8909999999999998,0
2018-04-07,6959.3485763058015586,7105.1207062639963846,8140.5019252359899446,0.49583143315820198482,0.50880972477728688346,0.63621598488100348166,0.000071311566740685911670,0.000071601085623159960746,0.000078096588763875254852,3.1189999999999993,-0.7559999999999997,1
2018-04-08,6937.2505425799526858,6998.4529064477084058,8043.4655775478823146,0.49567772259770790479,0.49983315356622998544,0.62435412221956469744,0.000071509282614245596119,0.000071451745697660022286,0.000077600704845814977974,4.021999999999999,2.7180000000000004,2
2018-04-09,6879.1667234586148930,6935.0517672414455569,7979.0559427274603692,0.49080827994011976048,0.49437441628094923224,0.61486906961097628373,0.000071448027285129604366,0.000071344990388312187620,0.000076975342369163271702,12.392000000000003,1.5410000000000001,0
2018-04-10,6834.4262744739858294,6935.6586328126470588,7901.2677273154791778,0.48581040030211480363,0.49403466789940828402,0.60408046906980664114,0.000071168131386861313869,0.000071283979825151311365,0.000076436385765573835168,6.0850000000000035,1.8139999999999996,1
2018-04-11,6835.9084915937557316,6912.2898958281190460,7827.1240909075718143,0.48551278586922838550,0.49194451121614524721,0.59414245922663698398,0.000071041272785417332907,0.000071201390047261606895,0.000075882686567164179104,4.727,0.9440000000000001,1
2018-04-12,6876.9863742918914358,6918.4055453919369054,7741.6799739901394850,0.48914782408874801902,0.49262912696603601550,0.58406582986592695331,0.000071145262135922330097,0.000071239624807503849923,0.000075437457647726351625,5.936,0.20300000000000024,1
2018-04-13,6954.3015264659260301,6945.7274449971138780,7677.3384923445848106,0.50183982543640897756,0.49866835110808562136,0.57598520059363063523,0.000072412981625835189310,0.000071941575442801970968,0.000075030498224947555269,8.666000000000004,6.606000000000002,0
2018-04-14,7157.5762027515111049,7017.5584852092348543,7648.8493417571004385,0.53667927338782924614,0.51361748889725254046,0.57277148139144808810,0.000075400203413607668927,0.000073576390078065978343,0.000075005682315931987417,1.8130000000000006,-0.3530000000000001,1
2018-04-15,7370.8895872240213723,7101.0761043995855755,7645.3765252986939585,0.56813878982797307405,0.52717941446181599519,0.57180409109700639576,0.000077166146748681898067,0.000074590842421963144039,0.000074843220775044219328,5.406000000000002,3.9060000000000006,2
2018-04-16,7658.8312813977309152,7244.9828931848710602,7641.6715818649125262,0.60262799386771791502,0.54580911448545440878,0.57093871350009733307,0.000078435871908687381103,0.000075493276915245609570,0.000074715492454973227324,3.471000000000001,1.2640000000000002,1
2018-04-17,7897.8160165932379497,7390.5752960405590887,7641.6451153536504863,0.63309573888496824277,0.56529083619531133343,0.57109841257873872121,0.000079920412517780938834,0.000076536152309612983770,0.000074756094691303117293,6.267000000000003,1.3969999999999996,1
2018-04-18,8063.0262892568898458,7512.0571046935180656,7655.3328836607893448,0.65799130298719772404,0.58347941316474525846,0.57355534619694976368,0.000081610269914417379855,0.000077556170839469808542,0.000074893685656863951438,5.2490000000000006,3.9699999999999993,1
2018-04-19,8070.5273786462336760,7616.7109340975361610,7645.5411974340898064,0.66266836030359444365,0.60141783926994406830,0.57399043855797843797,0.000082147246376811594203,0.000078718360266159695817,0.000075012926819144078702,5.213,3.2169999999999996,1
2018-04-20,8114.2609016751375000,7744.8375610647914192,7632.9085283532598554,0.67915628792215226102,0.62487569558221181978,0.57523080525943453760,0.000083958897959183673469,0.000080411704910509407985,0.000075323741873645607601,11.84399999999999,5.950000000000002,0
2018-04-21,8156.4850163030277778,7909.1443698968599776,7618.6466792530618885,0.71501537729145942873,0.65958081886928339935,0.58096089981785063752,0.000088820415430267062315,0.000083621000105831304900,0.000076574676857505839925,8.390000000000004,1.4120000000000001,1
2018-04-22,8292.0507450521194444,8094.9548803882469787,7618.2956214411573321,0.75861787840136054422,0.69572809985149565094,0.58862213840293111397,0.000092645283280507131537,0.000086364314807383627608,0.000077747702833615887624,4.234,-0.28500000000000003,0
2018-04-23,8457.2122783980791667,8260.1570510484581192,7630.2590086524111085,0.79895378233970753656,0.72888612050067180539,0.59699086232833503179,0.000095100584739263803681,0.000088810257853269211092,0.000078626368328398815716,2.5619999999999994,1.1160000000000005,1
2018-04-24,8629.3781351237758645,8350.0218103875357689,7631.1191049161633744,0.83693377186843946816,0.75080278827776598004,0.60463948257040972273,0.000097267696577243293247,0.000090709797778709136630,0.000079564773384000316669,7.014000000000002,2.992,2
2018-04-25,8836.1710164867282322,8475.2574848459666667,7655.8797567650610350,0.87425254789539924486,0.77783152143160277267,0.61438797750906892382,0.000099160424143556280587,0.000092621035942986986160,0.000080487333668380562106,9.064999999999998,-0.308,1
2018-04-26,9015.0245663707887793,8585.7893763762395833,7690.1420996987695521,0.87663680369127516779,0.79647255990978291514,0.62278531237920371086,0.000097141891210374639769,0.000093317633654688869413,0.000081257161331917475728,2.589000000000001,2.5039999999999996,2
2018-04-27,9031.1390014050756839,8661.6131676036951389,7720.0588731198103968,0.86150285254166083182,0.81036599323753169907,0.63049882017586240216,0.000095048939853649830448,0.000093909526760563380282,0.000081936549923538845996,7.558000000000002,-0.10500000000000011,1
2018-04-28,9102.7672581281363699,8780.0042868227000000,7764.3518346463912741,0.85537983186212694409,0.82721239402021336328,0.63955874272887451425,0.000093751138716356107660,0.000094389881936245572609,0.000082551417976207960053,5.3740000000000006,1.545,2
2018-04-29,9167.2735412544091098,8898.3237498506568988,7817.5130260691882484,0.84966497050561797753,0.84328618339876612451,0.64948799305371312800,0.000092590111263266004793,0.000094837803663524808821,0.000083223763108068744538,0.31899999999999973,1.6300000000000008,2
2018-04-30,9190.5832655536231079,9013.3464748956718283,7898.7122456218084563,0.84032543046357615894,0.85734822488945041061,0.66211524941477423559,0.000091411653393351800554,0.000095196892490258590152,0.000084022450898225412674,2.473,-0.9700000000000003,2
2018-05-01,9194.8961688481044299,9104.9629827311471426,7976.1099514568664717,0.83949883137143667565,0.85820243416420222504,0.67373372159845466618,0.000091284908424908424908,0.000094238196349105440015,0.000084616739232632987379,9.917999999999996,0.9919999999999998,1
2018-05-02,9223.7803641731578947,9127.4608396311964447,8049.6970783255278119,0.84199682102272727273,0.85182011918194640339,0.68464917285438765670,0.000091277583595048956217,0.000093195880163413527009,0.000085198690797895036268,7.743000000000001,1.5239999999999998,0
2018-05-03,9196.2040058814956256,9149.4981023632636622,8121.2992817118279071,0.84247343736639589568,0.84898384936055959867,0.69651087322043697155,0.000091643332724949808359,0.000092727055171190349477,0.000085920702878756041185,7.860999999999996,-0.7860000000000001,1
2018-05-04,9222.4139768328079433,9194.8339433196340532,8189.8920322338115895,0.84700978977272727273,0.84834363231866657250,0.70822424667420433496,0.000091873839971423468477,0.000092239534965034965035,0.000086610369935002074402,11.968999999999989,-0.9069999999999999,0
2018-05-05,9287.3644680292626024,9238.9685875654718422,8274.2382501894300362,0.85124236363636363636,0.84576127051499717035,0.72072054719068693477,0.000091704035890218156228,0.000091556671029668411867,0.000087262709757186523337,2.878000000000001,-1.4020000000000006,2
2018-05-06,9394.7741996858436328,9294.8365130069411846,8377.5961715276312981,0.86279910969568294409,0.85116151186680835990,0.73487865806172483415,0.000091844622871046228710,0.000091572222420404887185,0.000087876672006544190327,7.141000000000001,0.68,2
2018-05-07,9532.9351268386248090,9378.3610931677317869,8479.1189069980916810,0.87573720821529745042,0.85889311156819632598,0.74803672231817309538,0.000091907385921471524584,0.000091599325863003795409,0.000088368146279101063114,3.4800000000000013,0.38799999999999996,2
2018-05-08,9591.0451135138144187,9393.6103283935412181,8564.0931336708163597,0.87205312111801242236,0.85733346524822695035,0.75896560694886458807,0.000090854549280954051210,0.000091240892665474060823,0.000088708459687520601226,4.481999999999998,-0.16000000000000017,0
2018-05-09,9581.1332945074024170,9401.7287093743343288,8641.0139875475661695,0.86364547892720306513,0.85533023427516683232,0.76896464636589088134,0.000090028221821460775473,0.000090955529929103473032,0.000089029547771320975230,7.081000000000004,1.3650000000000002,2
2018-05-10,9483.9839910513966092,9385.6179031595283412,8716.5446818367598478,0.84483191398461976645,0.84803763174738638788,0.77851734837295726333,0.000088886947863866763215,0.000090315406442402070135,0.000089315921512093544770,9.054000000000004,2.69,2
2018-05-11,9374.6385676602084491,9384.6833248694512365,8801.3629939707177489,0.82234207593123209169,0.84268887069211050983,0.78756768401813477652,0.000087643707658321060383,0.000089804416629414394278,0.000089500238915399930474,3.408,2.1590000000000003,1
2018-05-12,9191.6040842382643135,9362.2915637272342643,8861.5396723310099326,0.78822213375340111700,0.83221808146987608603,0.79321626826562168032,0.000085493289357959542656,0.000088691518786382077968,0.000089508605773693492992,3.9510000000000014,0.19899999999999998,1
2018-05-13,8995.8046031162909950,9293.4764552043059608,8901.0179456215378204,0.75705737346296825851,0.81492112523975278824,0.79758196322783166938,0.000083786429198104930690,0.000087321307017543859649,0.000089647644629372784713,6.543000000000002,1.2370000000000003,0
2018-05-14,8839.2569018062729294,9210.2757852269508128,8918.3512525343641036,0.73219351351351351351,0.79817163117031127573,0.79914162063180776410,0.000082634094196507320515,0.000086290121287790956925,0.000089713858673707097375,9.723999999999998,5.638000000000001,2
2018-05-15,8714.6531727894402000,9099.2273093314596360,8937.7726090299194314,0.71835523599658800114,0.78153843756670224120,0.80174257377087910790,0.000082328450287306285913,0.000085543916208059648500,0.000089784087514657779424,7.199000000000001,2.000000000000001,2
2018-05-16,8587.4484369032860914,8981.0081318285026404,8953.8594238824435646,0.70521914999290478218,0.76350030657350634536,0.80378080445105960734,0.000082111344580777096115,0.000084770795575221238938,0.000089774414887126296522,2.1719999999999993,2.811,2
2018-05-17,8488.9426125918974858,8840.2283769784368487,8960.0571705272626242,0.69949797861724875267,0.74376349789240551547,0.80449878340033104753,0.000082420028622540250447,0.000083969955650168529360,0.000089737797380865769371,5.717000000000002,1.3000000000000003,1
2018-05-18,8466.1749045592813456,8731.0477925793522830,8968.2603166815583754,0.70334253128146123975,0.73028229097949232755,0.80529150737728175541,0.000083129415696009165553,0.000083472021947873799726,0.000089723086885641830697,6.792000000000004,2.2950000000000004,0
2018-05-19,8381.9056874157055471,8610.6217038489790103,8970.3000806478826472,0.69721734503092190421,0.71475352958049480100,0.80491760693258931738,0.000083187911127990884922,0.000082900556063654655204,0.000089622678491041685424,6.592000000000001,0.9520000000000002,1
2018-05-20,8318.7764327109284818,8517.0522470772159210,8972.2592239633927165,0.68794621236598619474,0.70339514665510764340,0.80368322886020689001,0.000082709408968795205621,0.000082502501653907948209,0.000089482783941473442365,5.259,0.4760000000000001,2
2018-05-21,8250.2366679160075356,8419.1998929591324328,8970.0546776145452650,0.67918493154761904762,0.69251088842074676740,0.79872433682456557962,0.000082332775776677172445,0.000082206761082549228829,0.000088896703482648289441,5.682000000000001,1.7970000000000006,2
2018-05-22,8285.1269530533691706,8387.3052719928481894,8959.5077381789439900,0.68047878610108303249,0.69024448323817889035,0.79254647796189293730,0.000082160245862884160757,0.000082308126272912423625,0.000088285444965963134500,9.582000000000004,0.7399999999999999,2
2018-05-23,8279.9883465716419994,8373.3007942560480669,8939.3094922102927135,0.67580665387567152724,0.69002390807158238657,0.78614518407482911620,0.000081640110444177671068,0.000082469745771726412084,0.000087799440962803604278,10.733999999999993,5.105000000000001,1
2018-05-24,8230.1829770245637303,8306.2086711256091954,8904.3462871108765180,0.66600245415647921760,0.68208308165382335507,0.77763124556269787969,0.000080763705895743227863,0.000082085360803395796666,0.000087139514701330857320,6.820000000000003,2.7680000000000007,2
2018-05-25,8085.2240341660679476,8201.9249522931719381,8847.3492151311465455,0.65242081283743251350,0.67036927649154051647,0.76736975303012120485,0.000080635331954498448811,0.000081672817119818050243,0.000086514854461832885761,4.172000000000002,2.5679999999999996,1
2018-05-26,7919.8445566214385086,8084.7546669881564830,8787.5906937782722974,0.63878790327380952381,0.65898307314532331275,0.75947557506373562942,0.000080716603408210689388,0.000081463881311816762103,0.000086156297795491343878,0.055000000000000215,0.11099999999999982,2
2018-05-27,7724.2196230761391256,8004.7038072185970670,8742.4275836357333395,0.62410256367746797287,0.65231649977413040205,0.75363797128770301624,0.000080758399762046400952,0.000081397978861087144090,0.000085886185505045711936,9.106000000000007,0.17499999999999988,2
2018-05-28,7532.8383197730874546,7906.5035778393644808,8678.4646105334592275,0.61223932234155195886,0.64378963200000000000,0.74622045009594597877,0.000081061135422826729746,0.000081322169300714440355,0.000085608867659723772766,6.306000000000002,1.645,1
2018-05-29,7417.7347054610488727,7824.6005940099489618,8614.0687582942919142,0.60493827676643011416,0.63561805297504798464,0.73787836508013835436,0.000081448440594059405941,0.000081123073593073593074,0.000085242090624600843020,14.865999999999993,0.8609999999999995,2
2018-05-30,7361.1444500198738966,7724.3350295552828607,8543.8212619781301209,0.59709778467266521874,0.62522722641653321132,0.72799015750719266592,0.000080993373468964085530,0.000080814018856195607128,0.000084769168204084229277,9.466,0.897,1
2018-05-31,7351.4609819666433175,7636.6581753768097731,8481.6027243975877997,0.59494935453840186191,0.61732739213005165603,0.71982938372547105340,0.000080802883959044368601,0.000080757589077251040504,0.000084462505104645227157,8.751,-1.2300000000000002,2
2018-06-01,7351.8190070021266211,7537.8642948436269105,8430.5318668304226921,0.59417139400395677979,0.60920862854979174555,0.71282115139218226709,0.000080716779210149375895,0.000080737732903615671266,0.000084134945150394080746,4.627999999999998,2.4950000000000006,1
2018-06-02,7384.1984448680064129,7458.4512866695024424,8376.4446441425893168,0.59556092777274100937,0.60389574387662534019,0.70520458425312729948,0.000080555056712724273046,0.000080813642777945771596,0.000083735297679112008073,5.857,1.684,1
2018-06-03,7448.0724109316993737,7432.9660805753305410,8317.9159809343996100,0.60536677712210621879,0.60515721466768525592,0.69741487433227481968,0.000081161416454622561493,0.000081306909242994562944,0.000083389878754025103503,3.4790000000000005,0.7860000000000003,1
2018-06-04,7535.4630455797994429,7448.5617006883766415,8251.4041675441925596,0.62244153075170842825,0.60990510130468150422,0.68946749254172933258,0.000082566426311030741410,0.000081746540043290043290,0.000083140459937702962423,7.966,4.420000000000001,1
2018-06-05,7565.9712665908222997,7459.0018395099951090,8176.3426035448582046,0.63486451442380305090,0.61517786069651741294,0.68103347956968022108,0.000084020245278923377469,0.000082397545992469069392,0.000082988683025365918273,12.623999999999997,4.113999999999999,2
2018-06-06,7568.6101167616159886,7458.9394191976980600,8104.7467471430806538,0.64526307230769230769,0.61957892425401683244,0.67343594344065234094,0.000085354369148461881409,0.000082936534357661118224,0.000082849148644583347261,9.726,3.3450000000000006,0
2018-06-07,7593.5702200463136863,7487.6617375627851047,8044.6849969781716218,0.65668375670292630611,0.62591180995130858186,0.66794240917116355407,0.000086554855504081182440,0.000083454050740859183456,0.000082794363156469951272,8.400999999999998,1.7899999999999998,1
2018-06-08,7616.5700116114915786,7531.2515133117949260,7991.2758890132181254,0.66559626494940202392,0.63528152170601675552,0.66302956506558930620,0.000087475921737163537661,0.000084216745840630472855,0.000082750462981917434323,3.2809999999999997,2.4250000000000003,2
2018-06-09,7605.7919747231945830,7570.2079237668148513,7938.9795752399752804,0.66871521056721056721,0.64531055918273292880,0.65883670344240968678,0.000087962802386963507000,0.000085243973804100227790,0.000082770519802833408018,0.8389999999999995,0.4129999999999999,2
2018-06-10,7613.0702294453905359,7589.2618440858357999,7883.0882773767899708,0.67018859005311443747,0.65196426244837528247,0.65453505545635170142,0.000088074455292908530319,0.000085876550953165450694,0.000082796848588477509858,5.107000000000001,2.332,1
2018-06-11,7559.0686675549429287,7563.7744978594467155,7830.9187886241739942,0.66258850647300284181,0.65381176498090859503,0.65151385611365811880,0.000087657521119961380642,0.000086459895688456189152,0.000083021143259911894273,1.3580000000000005,1.652,2
2018-06-12,7386.3931641891330365,7488.6662351837394307,7774.7390402156774344,0.64244702820632694405,0.64962415668701228463,0.64809018240993036633,0.000086957263205828779599,0.000086752880672268907563,0.000083241432769241662536,5.865999999999998,1.9559999999999995,2
2018-06-13,7202.3169362368854283,7406.7116649127132493,7716.6352742860762682,0.62234154296273483215,0.64401341836342681521,0.64414478976741836915,0.000086475235726643598616,0.000086964279080053073861,0.000083383082257208561826,9.625000000000004,0.11400000000000002,1
2018-06-14,6968.6731872902877798,7283.2158399987506159,7645.9807676066061808,0.59612328825406473180,0.63200876988090664618,0.63780112376325311875,0.000085597378383879503358,0.000086709153182308522114,0.000083353464267972464694,5.3320000000000025,-1.8039999999999992,2
2018-06-15,6732.9858524845678155,7167.4220409730356766,7571.8381976632894062,0.57227318657046090414,0.61905114358225024994,0.63135366409315276547,0.000085016416317194052612,0.000086318877216021011162,0.000083355617777143672421,6.2900000000000045,-0.14400000000000046,0
2018-06-16,6599.9912560130370061,7079.4215959875040011,7514.0219541441326054,0.55714698591549295775,0.60821374751491053678,0.62683584483108450847,0.000084488312715473534780,0.000085935307471897729777,0.000083403407778900274210,-0.794,2.4210000000000003,2
2018-06-17,6541.4144224640418702,6964.5367397085693380,7452.4333875461550670,0.54823396638905413444,0.59424137519025875190,0.62130535031847133758,0.000083948134361233480176,0.000085427768696820420958,0.000083379129582577132486,3.011000000000001,4.146000000000001,0
2018-06-18,6487.5542737037336705,6846.7807113845255066,7400.4411380559152824,0.53856684855061230817,0.58059569762051915946,0.61728933294114637952,0.000083169399120664386908,0.000084922870253527589767,0.000083388692233869777056,1.272,-1.0259999999999998,2
2018-06-19,6493.0670271065534733,6732.5007297609524809,7342.0900102963377649,0.53572603770570378655,0.56668568190669055222,0.61264847263209217583,0.000082472638995644376121,0.000084214142938173567782,0.000083341618953240842693,5.204000000000002,-0.647,0
2018-06-20,6545.9422429142695836,6640.1902580900945378,7288.4280259710083425,0.53559099374794340244,0.55494758315200497358,0.60810966677816946710,0.000081758510638297872340,0.000083686426395939086294,0.000083310138531638127434,-2.012,0.9700000000000001,2
2018-06-21,6568.0414322966351847,6584.1282801578348855,7228.2121138746191233,0.53294432000000000000,0.54575326428123038293,0.60311654538421866942,0.000081106061872909698997,0.000083063747358534867340,0.000083293068257368693211,5.973000000000002,-0.9119999999999999,2
2018-06-22,6626.1977542765083169,6583.5992148823404405,7176.9020560450233765,0.53475051163586584531,0.54196428866963717377,0.59908194155458605468,0.000080639491329479768786,0.000082517146250000000000,0.000083295831626001117527,8.460999999999999,1.269,0
2018-06-23,6611.0417995377254242,6549.3542597375535125,7129.8817451426921368,0.53026045325305234989,0.53457186418859119800,0.59551398266375999170,0.000080263996811055009301,0.000081777897416316660303,0.000083379991308619582058,6.686000000000003,1.736,0
2018-06-24,6531.5051858383261022,6512.3355904915420265,7081.8587481901477948,0.52207871527777777778,0.52901826263611246546,0.59145155023599050823,0.000080019055696918292338,0.000081306197580645161290,0.000083392990596577770926,-0.4790000000000004,0.659,0
2018-06-25,6389.4915741543362214,6467.3108985741594101,7031.8703268639856411,0.50645307642695904547,0.52087332356055053343,0.58629282201069239797,0.000079327487019730010384,0.000080505057563587684070,0.000083234952899390008494,5.814000000000001,5.489000000000003,2
2018-06-26,6291.2633912758192248,6429.1147737472338483,6988.7179950734947644,0.49506340668165756505,0.51365161308793456033,0.58195733679080555628,0.000078738290064902646031,0.000079856991966284735941,0.000083083307216653224258,18.467999999999996,-0.023999999999999855,2
2018-06-27,6187.5156688501888904,6406.0184269949290730,6952.0008462629712161,0.48308438762214983713,0.50827737628306767921,0.57819819944598337950,0.000078224986436498150432,0.000079336655576257652382,0.000082938742788554613389,4.797,0.3459999999999998,2
2018-06-28,6120.0201524533253957,6365.4153718458062934,6913.2706618344691000,0.47358830599317849602,0.50151042027194066749,0.57426931112099876986,0.000077391790326664978476,0.000078793146154843729737,0.000082821390290654461526,9.206999999999997,1.036,2
2018-06-29,6123.1387638392230014,6327.5506752829270001,6875.3903154365318676,0.46951508639131150239,0.49573493319036621577,0.57098598657187993681,0.000076771679467485919099,0.000078314870347977965874,0.000082821604760763639268,4.065000000000001,0.489,0
2018-06-30,6099.4219872071803509,6244.7758027660777311,6823.1171824788095349,0.46336729761308629611,0.48528322834645669291,0.56538725818796020163,0.000075945508255933952528,0.000077631246118012422360,0.000082563277002789956158,5.276000000000002,0.5390000000000001,2
2018-07-01,6129.5429996874039271,6210.4966338763988512,6784.5108857540027607,0.46033047384007897335,0.47790589531008697066,0.56032551507471355404,0.000075096952100615466952,0.000076980873046622756038,0.000082348757634201221472,10.217000000000002,0.21500000000000002,1
2018-07-02,6156.4387149565307844,6172.0125177751093969,6746.9217702840460804,0.45721859213917525773,0.47008037094030938690,0.55532720176458157227,0.000074407479810637705375,0.000076432149117069980379,0.000082162525133298058529,4.933000000000002,0.9070000000000001,1
2018-07-03,6222.3973943532569903,6171.1328533129722904,6708.1606566369847069,0.45856366147422514855,0.46603332068157958491,0.54979213324520819564,0.000073845675441133931154,0.000075736418636056718433,0.000081867102534562211982,8.378000000000002,1.0729999999999997,1
2018-07-04,6321.8957729860682201,6222.4877690960787203,6672.0895373657160589,0.46590433489096573209,0.46766116677336747759,0.54419100198333994447,0.000073848612975391498881,0.000075374608393477679765,0.000081541970980943326030,6.386000000000002,1.262,2
2018-07-05,6457.5806766112584270,6278.4650362484779556,6637.3495138848794884,0.47571289702233250620,0.46976971458433831806,0.53786720292698446365,0.000073760732512758931252,0.000074935932556203164030,0.000081050768875451415134,6.28,-0.704,0
2018-07-06,6510.8044283253426966,6320.0369020596273423,6610.9111426465224696,0.48046647971173429422,0.47064569101123595506,0.53221142898757977808,0.000073866203306797305573,0.000074523259068837475007,0.000080609242859557208045,-0.7260000000000008,-2.109000000000001,2
2018-07-07,6547.1149609474674507,6352.1750409826402918,6575.1728923413845579,0.48293204267336052714,0.47024573404339877593,0.52554736307455640135,0.000073755256744995648390,0.000074088262043484439392,0.000080080902819180649008,2.284,-0.03100000000000014,1
2018-07-08,6576.3548114199212598,6399.2980161955728142,6537.6040111017633454,0.48359024386330819830,0.47108140300184605506,0.51868249307331628303,0.000073644639459957042037,0.000073748120905300774270,0.000079638011061660113209,6.371000000000003,0.9010000000000005,2
2018-07-09,6599.5121792849669154,6460.4881903707205117,6506.9831832742800383,0.48033136245110821382,0.47295283950617283951,0.51239186027295020791,0.000072880060321715817694,0.000073407795395639579204,0.000079183371170618398562,12.897000000000002,1.044,2
2018-07-10,6629.0062390534835892,6543.1563798363229709,6475.9518738904755003,0.47801128767582049565,0.47681577099605443272,0.50639695413186754543,0.000072160677248677248677,0.000073025060006487187804,0.000078742046403304477743,4.838000000000001,0.24100000000000013,2
2018-07-11,6613.3512249832169014,6562.0095314056740980,6452.0756801143402534,0.47192929279354947086,0.47634684475070936360,0.50052149785981808454,0.000071339583038869257951,0.000072693228876127973749,0.000078129760221884226537,9.696999999999994,1.8050000000000002,2
2018-07-12,6576.8004137011106419,6561.9161311933490102,6439.1247967949080960,0.46722985220828321017,0.47543843011811023622,0.49618763643713785204,0.000070923406916850625460,0.000072506836469824789098,0.000077554969963773100381,-0.4809999999999991,0.5209999999999999,1
2018-07-13,6510.9475645532164399,6543.6134274240421348,6421.3098679868789481,0.46131157604004833420,0.47285900041580041580,0.49138703895751323470,0.000070695309702828499821,0.000072283522802379378718,0.000076982937643691643598,10.017,0.734,0
2018-07-14,6413.2012431821745230,6506.1761117964624034,6413.5909903089771078,0.45235860218849276385,0.46690046352004067452,0.48804415070626485615,0.000070483002803083391731,0.000071708220280918122645,0.000076469411339659906547,11.135999999999996,0.26999999999999974,1
2018-07-15,6317.4300774548593134,6473.1035746578783613,6406.2264653675311563,0.44441703471725125268,0.46177088848516307639,0.48451842917792358163,0.000070286998541210795040,0.000071239469153515064562,0.000075972367667390874975,6.0760000000000005,0.007000000000000004,1
2018-07-16,6273.9585020951098200,6444.1738094564870020,6397.6682185182625519,0.44085831668516463189,0.45714192622590016727,0.48097663753398812497,0.000070270176070428171269,0.000070838091574404203415,0.000075570415098127791999,8.318,0.13900000000000012,0
2018-07-17,6300.5276119916463068,6439.2951051398981828,6399.0549137286837723,0.44339577179996389240,0.45560734965219688298,0.47830505359280603580,0.000070294766881028938907,0.000070622973492124471763,0.000075171353075170842825,7.121000000000001,0.5300000000000001,2
2018-07-18,6413.1844575753096217,6462.3347060140176243,6408.9243022518102156,0.45276584015323001915,0.45705921109666233203,0.47682550917596257647,0.000070412891436761017556,0.000070554151146131805158,0.000074800810094952523738,6.330000000000003,0.10899999999999993,0
2018-07-19,6651.0469007453977674,6531.7217444034314278,6439.7486041100817292,0.46838308259339922935,0.46058164517792676637,0.47659608135275811737,0.000069977969278033794163,0.000070213862148002619515,0.000074253882645450024863,11.354,0.9869999999999999,2
2018-07-20,6881.3643152023506256,6599.5188090424374121,6462.1817196506201423,0.47664974441408133741,0.46139898966802168022,0.47465295933218002581,0.000068833208154506437768,0.000069449203895501623126,0.000073637298757428417072,0.41499999999999987,-0.7439999999999998,1
2018-07-21,7104.0183633604730013,6692.2200983962384870,6487.8956885421493117,0.47910189180737961226,0.46158518345902889586,0.47209288270486854383,0.000067018346348185576481,0.000068204151466511017073,0.000072810957467375543741,5.866000000000003,1.1260000000000003,0
2018-07-22,7271.7737720608445805,6791.1774137651117672,6508.1336752004608004,0.47751702011539061282,0.46170327336624550247,0.46912782832712124534,0.000065566920407720667968,0.000067223420681882220344,0.000072148437290729933990,6.9570000000000025,1.4690000000000003,0
2018-07-23,7402.1813241282233361,6911.9951107597878916,6542.1063119864416934,0.47284774715590450248,0.46322010681799215555,0.46736271235813020418,0.000064001296381126889601,0.000066501612407433282101,0.000071516449985446783739,4.135000000000002,0.10500000000000002,0
2018-07-24,7449.4980441883939774,7052.9432512834956839,6593.8824107385260941,0.46043483403839895867,0.46434941472676242364,0.46631281688593479634,0.000061770666821023385043,0.000065297764426251155421,0.000070697422813651811785,6.973000000000002,0.7090000000000001,1
2018-07-25,7574.6288568566397100,7229.4145222213763652,6661.0350602200524197,0.45411340609219742629,0.46545543166922890201,0.46575955328161962920,0.000059789469972702456779,0.000063939498953588575649,0.000069677090987370838117,2.1109999999999998,0.25100000000000006,2
2018-07-26,7740.0973210090506064,7422.1955989819673617,6730.8948331364018998,0.45407997892005837522,0.46682126970227670753,0.46510915473212567690,0.000058471548893647394718,0.000062820739831697054698,0.000068789116633151393278,11.760000000000003,1.2640000000000002,0
2018-07-27,7919.6848755143207468,7595.5163017237882058,6798.6136809611990178,0.45664993507574496421,0.46742541508978178597,0.46470929610782560858,0.000057555135135135135135,0.000061792614131681578344,0.000068113347487952669498,4.400000000000002,7.588000000000005,2
2018-07-28,8028.8395334646742762,7715.5667231673595545,6862.2053945562598186,0.45589330861756467293,0.46448922820700300593,0.46438947053800170794,0.000056895723777883246322,0.000060511449883449883450,0.000067454741379310344828,0.9539999999999994,5.939000000000003,0
2018-07-29,8137.8009395166522708,7793.7757362239637631,6931.3688126731986068,0.45613656662665066026,0.45834343102872411490,0.46413416143572159389,0.000056094622839182818229,0.000059107562684365781711,0.000066877285837900201904,3.960999999999999,1.7580000000000002,2
2018-07-30,8178.0981407207542681,7875.7908971828127401,7008.1474691381336982,0.45643046277665995976,0.45520501680310211116,0.46473558107730951716,0.000055878451410658307210,0.000058145252471984179301,0.000066299129983183302008,7.818000000000001,8.884000000000006,2
2018-07-31,8154.7022653799831650,7946.7303168689818182,7068.6278455258170332,0.45418677802944507361,0.45412835310537334264,0.46429940110677266215,0.000055785989766549408379,0.000057325944876517942421,0.000065621946143223515486,9.662000000000003,5.100000000000002,1
2018-08-01,8102.6339564657395453,8010.8238725591623549,7122.6358471307156551,0.44891936138521690560,0.45300024962643930737,0.46363087448617602342,0.000055479455950540958269,0.000056640610271080234301,0.000065033378634179488424,1.7249999999999992,2.9970000000000003,0
2018-08-02,8021.7398601445072993,8025.2897093786041798,7161.6800566953208050,0.44645492597331383659,0.45141809775543807956,0.46265055282036854691,0.000055944108910891089109,0.000056468442730125523013,0.000064500291029390612264,8.739000000000004,0.10900000000000003,1
2018-08-03,7901.7499640450483667,8020.1356979303885395,7194.5808721180421623,0.44358434851976599894,0.44996412954406764885,0.46053810281483156229,0.000056417345303867403315,0.000056251688625974724388,0.000063865518299995203147,19.121,-0.15399999999999997,2
2018-08-04,7743.8366530288339617,7960.7229963602677198,7222.8223700268717577,0.44065500674308833446,0.44822062291630110546,0.45868770289403635952,0.000057012526236881559220,0.000056509509176863181313,0.000063330123031260472019,9.142000000000001,0.7490000000000003,1
2018-08-05,7575.8578740707744907,7864.4892026320359617,7246.3693898398576637,0.43828300050428643469,0.44577476969589187267,0.45696438617943978388,0.000057879093035343035343,0.000056941079724691712073,0.000062903474446255633330,3.998000000000001,1.1629999999999998,2
2018-08-06,7379.6023277146513902,7740.3354035309214396,7261.6747077754632356,0.43704153356282271945,0.44274818962432915921,0.45569278022543914860,0.000059242564926372155288,0.000057496185966422729229,0.000062559727155234311426,3.741,0.17700000000000002,2
2018-08-07,7261.6461995992857143,7640.9035004274539469,7275.5622267066134267,0.43423547156605424322,0.44021195172105498435,0.45428892454392325920,0.000059910282438478747204,0.000057967259238122414039,0.000062317817031124545412,17.182999999999993,0.14800000000000013,2
2018-08-08,7145.2696208926847325,7522.8198006005108110,7284.9795635856994141,0.42743561169313957418,0.43531674943761896522,0.45151519592788488881,0.000059945071961620469083,0.000058212791644058600109,0.000061940516770761045570,1.1989999999999998,0.386,1
2018-08-09,6962.9043953850272156,7353.2587829161047120,7277.7102637616189921,0.40785193738731355515,0.42402194564494680851,0.44668218773805829078,0.000058377104513064133017,0.000057712096931320019484,0.000061269536043116999775,8.676999999999998,0.916,2
2018-08-10,6773.4245497293488567,7174.4866008404868522,7272.0793851081758365,0.38810203144654088050,0.41235338885277868053,0.44214830901577127435,0.000057076459909228441755,0.000057440888495575221239,0.000060659564334583977047,3.5440000000000005,0.2070000000000001,0
2018-08-11,6664.8100307808417977,7021.4562051645869065,7275.0871318325710887,0.37178079413099379822,0.40230414814814814815,0.43829598164829631287,0.000055464364197530864198,0.000057105652781010006982,0.000060075566168808614102,2.9930000000000008,-3.8669999999999995,2
2018-08-12,6493.9867951709300709,6876.7700285513585668,7271.5592153856545967,0.34783488286969253294,0.38719299824617346939,0.43300043339618456078,0.000053292294184290030211,0.000055959779080252479711,0.000059310657627977698936,-0.6200000000000003,1.1600000000000001,2
2018-08-13,6353.7307779200542797,6748.7762640539859165,7273.8455813782412587,0.32700310013511484762,0.37425213308952138655,0.42844872984707281325,0.000051561116045568642595,0.000055083110862262038074,0.000058677299916457811195,3.0489999999999995,-0.29499999999999993,2
2018-08-14,6324.1317319224540134,6643.2950210048291492,7277.3082701861111629,0.31619872064276885043,0.36067528714603881642,0.42378673190739670218,0.000050037763962494904199,0.000053889212287438288535,0.000058002459372057800156,11.37899999999999,-0.14600000000000002,1
2018-08-15,6266.6256177203871327,6519.8659442244279543,7267.9713972949399749,0.29948813085740769350,0.34340461978179551122,0.41713700559637534800,0.000047767599919257165927,0.000052263173990188915562,0.000057159615690959776981,4.074999999999998,0.5810000000000002,1
2018-08-16,6244.6517915501072125,6454.8224497588237751,7262.5504576276340936,0.28920839755447941889,0.33050456960508397640,0.41077266225831862013,0.000046327426012461059190,0.000050769612806403201601,0.000056336570872274143302,1.767000000000001,1.081,1
2018-08-17,6285.1153695092701950,6389.6443556794593654,7247.7472503888930996,0.28623463936536994661,0.31766828459653317394,0.40383891829482590303,0.000045473350504842365547,0.000049553606621994481671,0.000055497950810117729339,3.650000000000001,1.1300000000000003,2
2018-08-18,6310.3231183114166435,6332.0250151385824635,7215.3614441799904671,0.28793994214487579949,0.30738175155346334902,0.39640689505729378302,0.000045608123388216623686,0.000048624811154598825832,0.000054687007812803669297,5.554000000000006,0.05300000000000006,1
2018-08-19,6331.6705162002143056,6327.9075369187570503,7184.8022459461361364,0.29707953936732630363,0.30631930872330894430,0.39122152450889843096,0.000047009524350956983134,0.000048468865645256334708,0.000054215904226653322042,6.2490000000000006,0.678,2
2018-08-20,6394.8781626768172943,6330.7208980657059233,7149.7035783347535187,0.31118013022717407032,0.30552873877605917956,0.38676479667967593465,0.000048776355981985510084,0.000048280166998011928429,0.000053845161427521942543,5.278000000000003,1.2380000000000002,0
2018-08-21,6419.3600801403269983,6331.8444444721385227,7120.6444875852456957,0.32196260005800464037,0.30593612760423609568,0.38288117140436484530,0.000050320409081611781550,0.000048275042897047086991,0.000053564180760488500212,12.431999999999999,0.6670000000000001,2
2018-08-22,6425.7099972072609060,6355.2834451959311981,7085.1893970467753944,0.32953736347876336319,0.30847697766696349065,0.37868174297840615598,0.000051378796824104234528,0.000048444133551823023351,0.000053315860665093980671,1.6340000000000021,1.8500000000000005,0
2018-08-23,6457.9910870041169067,6383.9698375664257813,7050.3301776104473445,0.33482883130081300813,0.31166686561645848641,0.37469627774490798524,0.000051970575417812566110,0.000048686767687109654961,0.000053025287928065812129,1.6190000000000004,-0.14000000000000007,0
2018-08-24,6449.3111828285114717,6390.3370575277848322,6997.4635068219042744,0.33089889657201706635,0.31383338078868722210,0.37010086902751611962,0.000051385546623794212219,0.000048987687435098650052,0.000052796246529919802591,3.4600000000000004,-0.5849999999999999,0
2018-08-25,6479.1192837739030541,6436.8987190865240791,6939.6953685378249127,0.32890737267825044937,0.31988843220962755778,0.36548948438850831076,0.000050837614371257485030,0.000049703102036418489387,0.000052606618540739307141,2.9,1.0210000000000001,2
2018-08-26,6529.1161761680358644,6474.1704679893388372,6888.8066041856272560,0.32655093575418994413,0.32417773746157882900,0.36152157760805618126,0.000050183853645696235852,0.000050260399447450212962,0.000052424592381769269757,1.8740000000000008,0.46599999999999997,1
2018-08-27,6588.0373791276973776,6506.7576915408164123,6844.7320227821260686,0.32588089332036316472,0.32781415539766215906,0.35759224402591884427,0.000049630938953488372093,0.000050658893678160919540,0.000052227509016779049710,5.168,0.237,1
2018-08-28,6611.2287305172405063,6534.4040304884446003,6795.7569191427701018,0.32387005109609362123,0.32969779064381658175,0.35403010321273058349,0.000049140993397358943577,0.000050800807892777364110,0.000052063889192139737991,8.410000000000004,0.15800000000000003,2
2018-08-29,6718.7590738007110736,6583.7442195908336255,6754.8785174345199898,0.32898851011749347258,0.32999314429400386847,0.35122636525176666927,0.000049030166810468794938,0.000050339747158728131784,0.000051921941806810814933,9.665000000000008,0.6530000000000001,2
2018-08-30,6824.1427676540639013,6651.6097062676045681,6718.9310796836551981,0.33421657725666559589,0.33146938691675709192,0.34826928250213780415,0.000048985236879432624113,0.000049989610389610389610,0.000051741122589006632614,14.650999999999998,1.0630000000000002,0
2018-08-31,6870.9254798248209289,6700.1395800133874694,6684.5250716096166469,0.33560448844884488449,0.33104937451194752460,0.34514492062488702972,0.000048861062801932367150,0.000049528971291866028708,0.000051538865723029839327,8.250000000000002,-0.5519999999999997,1
2018-09-01,6929.1598913609619182,6758.1123224650843882,6663.2288452555848001,0.33717473790322580645,0.33165386523979389616,0.34160325993425309968,0.000048725242061426340448,0.000049153204230188160967,0.000051216237073622472604,6.554000000000001,0.2899999999999997,0
2018-09-02,7004.3393786912850500,6807.6097806947508095,6646.3290098372182450,0.34004775808936825886,0.33223138886676754002,0.33865073977337841675,0.000048591986234021632252,0.000048839187837837837838,0.000050918763028816676885,4.875,0.6789999999999998,0
2018-09-03,7062.2945668522150204,6890.2836624061377709,6640.6167352300683254,0.34003796039295181662,0.33463750637958532695,0.33571890911769250579,0.000048113480048367593712,0.000048532065431612140323,0.000050551493454752418896,13.993999999999993,2.1950000000000003,0
2018-09-04,7104.5060703615611338,6963.8758748761661746,6639.4898491585996782,0.33804416399229781772,0.33613045436300875010,0.33285712689818387611,0.000047540791986955508968,0.000048192067024814530570,0.000050179934780164174069,11.212,1.5390000000000001,2
2018-09-05,7180.4061759033305097,7024.9666109424532677,6650.4323611190162979,0.33819479119820109219,0.33688591356847791548,0.33040188976419794088,0.000047103717455286393480,0.000047907827581972246101,0.000049736192819595123588,3.3819999999999997,2.5199999999999996,1
2018-09-06,7222.1852958901794225,7076.1280201525529073,6656.3808911063687464,0.33423772320728071552,0.33571466770670826833,0.32693699195846377033,0.000046342603537532355479,0.000047422289725138610357,0.000049226216867469879518,-2.23,2.327,2
2018-09-07,7102.1976490446294743,7053.4477229463250983,6639.0547438857610318,0.32299055753999068178,0.33155145188737623762,0.32270163893235533822,0.000045548445816478603364,0.000046960831811958010041,0.000048733826781553936615,1.0949999999999989,3.4630000000000005,2
2018-09-08,6944.4921844066722548,7003.1214393807443525,6637.4679219124979009,0.31314115187315404943,0.32656747528221097703,0.32077241793166845411,0.000045152583593401694160,0.000046572729698375870070,0.000048405144380609064624,-2.0100000000000007,1.133,1
2018-09-09,6772.1364650347438596,6937.8977248193021456,6639.1103124517202820,0.30422499607843137255,0.32094151911788037442,0.31912890794414873100,0.000044823554809306788199,0.000046202088405625812552,0.000048111401601830663616,3.5420000000000007,0.258,2
2018-09-10,6563.9774699718531026,6871.6355432386531820,6633.6381023593529398,0.29330265607625099285,0.31562381150159744409,0.31734128856311329745,0.000044557537032387647502,0.000045896403571428571429,0.000047868422168266080857,8.180000000000001,-0.26000000000000023,2
2018-09-11,6384.9413288604176040,6804.1989422067974728,6638.5529375681689022,0.28437612438677005855,0.30941414939721062170,0.31632168775244971635,0.000044554028034911399101,0.000045539157657122490198,0.000047686585365853658537,-1.095,0.6940000000000002,1
2018-09-12,6345.5754022313502110,6725.0194723954904986,6638.1972096295694026,0.27949390764331210191,0.30151425853121559994,0.31498622896998688373,0.000044120572009291521487,0.000044944208845208845209,0.000047527413554633471646,7.638000000000005,0.6830000000000002,1
2018-09-13,6309.0007375513825144,6627.9842913611802244,6635.4872263736700699,0.27251712169480726346,0.29307678442171518489,0.31375742047423526997,0.000043195204592287312334,0.000044308939355493529561,0.000047381786481967996179,8.475000000000001,0.8670000000000001,0
2018-09-14,6315.3677173550538989,6543.4897188224363917,6647.5736340109103229,0.27026198850396147274,0.28716251268441183358,0.31430477620775744473,0.000042772642004078065832,0.000043897355611103802131,0.000047438265516822543423,3.084000000000001,2.319,1
2018-09-15,6358.3646894340426719,6460.7154631240092456,6652.7909538978501332,0.27007946904024767802,0.28154071663791751607,0.31425421675844773650,0.000042449366746698679472,0.000043597260423786739576,0.000047448255881378396289,7.891000000000003,-0.04499999999999985,2
2018-09-16,6402.5915312749185804,6393.8174232698363179,6658.2316504924402439,0.27131606946688206785,0.27791343832440642737,0.31420302478134110787,0.000042352507936507936508,0.000043553481460106766700,0.000047431401995033461004,5.873999999999999,-0.685,2
2018-09-17,6439.7634491214971476,6392.9324089746152770,6659.9294904445016588,0.27420972667454023958,0.27692972390627560216,0.31341683409037204295,0.000042558626712328767123,0.000043403903205531112508,0.000047319113219754151391,8.416000000000002,3.4180000000000006,1
2018-09-18,6470.6462683900959133,6390.3429626207204813,6658.7850270860996006,0.27789018618409605011,0.27508556886227544910,0.31135968458933107536,0.000042963033370828646419,0.000043093093667546174142,0.000046945715364456092036,5.738,4.346,1
2018-09-19,6443.0072974189944444,6379.4348728548256868,6655.4890072714794060,0.28174133646976825231,0.27567263058475689882,0.30991928188525025211,0.000044294069400630914826,0.000043463165765192491250,0.000046734440434821349015,7.596000000000001,1.3820000000000003,1
2018-09-20,6410.6630616496250000,6384.5562026310939457,6651.0877049463916250,0.29236352921367233541,0.28075342958541700274,0.30940018795397911033,0.000046595177478580171359,0.000044502171212121212121,0.000046701300834665245960,4.231000000000001,2.0340000000000003,1
2018-09-21,6388.2668448189987502,6395.4117484707612096,6651.6713839372019698,0.30603417946645109135,0.28866865766930661064,0.31004635924520289817,0.000049242157488693801543,0.000046100979881314227819,0.000046874781031584535079,6.332000000000005,4.925999999999999,1
2018-09-22,6417.2736290865629774,6428.5024683317258636,6652.8475205887767199,0.35408373935523114355,0.31622251079827227644,0.31659283017868960953,0.000057788052386987748204,0.000051979162419966026395,0.000048508272680234563643,27.447000000000003,1.56,2
2018-09-23,6475.7663007751242883,6473.2254471779922190,6662.9752097705879059,0.40973282088469905729,0.34980428288901194526,0.32575751379028213994,0.000065215352315732564426,0.000057992015579357351509,0.000050406453939598447781,-0.9580000000000001,3.666,2
2018-09-24,6561.8890854215319444,6502.4603761686082367,6669.1353478871492189,0.46391374663835810333,0.38226585878309771147,0.33516756028368794326,0.000071484905196629213483,0.000062412180627047262518,0.000051901967370441458733,8.269000000000002,3.697,2
2018-09-25,6626.3238605928111111,6518.4995374779873602,6667.2310665876871620,0.50874846295509278935,0.40988478418096483804,0.34322332211701489423,0.000076712935633001422475,0.000065644015969410706253,0.000053089691581108829569,6.110000000000001,1.5629999999999995,1
2018-09-26,6634.5594681646555556,6511.4136194671618056,6659.3808615239292122,0.52978310397766922540,0.42612260918420855495,0.34822668528286275727,0.000079457917315343366200,0.000067552558968445329699,0.000054044646250050106225,8.604999999999999,3.6559999999999997,0
2018-09-27,6600.5171892400805667,6508.8693762338829085,6650.9661331508819077,0.53323527006280530356,0.44749354294032023290,0.35538385393084996913,0.000080558254024411816734,0.000070179678413248603890,0.000055526166901850109752,8.804999999999998,5.815,2
2018-09-28,6556.8486650177996944,6516.2873582432675880,6635.9510806785982723,0.52601265884652981427,0.46896603842049092850,0.36208687683058424541,0.000079881636125654450262,0.000072413231164540699275,0.000056755859655981235340,5.949000000000005,2.643,1
2018-09-29,6550.7174775407597222,6556.2946908346760192,6623.5427494091071844,0.51860296203238414294,0.49144341017711554681,0.36900249692370795734,0.000078913681592039800995,0.000075109464173334532051,0.000057966373125096644503,5.400000000000002,2.9610000000000003,2
2018-09-30,6532.8982861956188359,6579.6106870880330601,6610.8282301831118613,0.51916263062307907237,0.51399114237478897017,0.37663998952264131657,0.000079343831037649219467,0.000078007030177087097940,0.000059176995933711830597,5.944000000000002,3.1480000000000006,1
2018-10-01,6564.1168750642900806,6599.3572367505924845,6599.0021492384894829,0.54356247272727272727,0.53667142238368031298,0.38550127101427192849,0.000082803294939577039275,0.000081058289093535572409,0.000060586823983940002273,7.521000000000002,4.5470000000000015,2
2018-10-02,6593.2428506513126823,6596.8863254273904286,6583.0629913086627326,0.55391245346396081176,0.54356027605003843735,0.39378383079920054646,0.000084120471224410969486,0.000082261307479224376731,0.000062146121253098940726,2.4059999999999997,4.380000000000001,2
2018-10-03,6609.1128761961230726,6582.9725244980919636,6561.1901557919923808,0.56169520880044843049,0.54382267207610520425,0.40157738680792029260,0.000085072594689574385006,0.000082421090735434574976,0.000063559706413730803975,11.427999999999997,1.225,1
2018-10-04,6571.3739885376705098,6561.0380665214724267,6535.6363303299347453,0.55944689718053022864,0.53897529387069689337,0.40785511189074050871,0.000085315107494474583082,0.000081975955401768550557,0.000064777650736263322412,10.271000000000004,1.7190000000000003,2
2018-10-05,6572.7962644081960729,6552.6766350121089865,6510.6495154789853554,0.55719172033777014455,0.53794507635746606335,0.41425651668212468353,0.000085076323497738531122,0.000081981773569941508873,0.000065777651846499068193,4.17,1.6930000000000005,0
2018-10-06,6569.3519877073008475,6566.7120221111192828,6490.6655777867203463,0.54446907359307359307,0.54400719085162298459,0.42126135895830724928,0.000083185731818181818182,0.000082976550799381124291,0.000066910252255006879682,1.484,-0.09099999999999998,2
2018-10-07,6569.1067893029081921,6581.2757494119197367,6494.3570923924546787,0.53072335228929717119,0.54255241751178403085,0.42869802608521504030,0.000080723349056603773585,0.000082633394894079304726,0.000068031596732555003275,4.657,1.7570000000000001,1
2018-10-08,6568.8112348935852522,6589.1336294422903971,6498.5922385971191529,0.51287690956979806848,0.53781304316701267091,0.43477114942815761874,0.000077930875198307773665,0.000082038991351229922498,0.000068852329106093411692,0.7200000000000021,0.34100000000000014,2
2018-10-09,6595.8728673115394402,6583.5231436970655830,6506.3587548919329939,0.50519695479894335192,0.53293546334815664897,0.44066490704937537180,0.000076308695531501526506,0.000081533044289044289044,0.000069576568800985070032,9.16,0.8460000000000001,2
2018-10-10,6611.5690627630393657,6592.3321474696229060,6518.6969035961106593,0.49548428985927752793,0.52654645507601412205,0.44688246746190511472,0.000074826998895637769188,0.000080584725952813067151,0.000070300883850069412309,-1.4200000000000013,0.021000000000000046,2
2018-10-11,6615.5144423122687902,6592.5598476532211842,6528.9132038563612060,0.48571248585931834663,0.51516515118634259259,0.45358114070599851888,0.000073270969273743016760,0.000078737843088106278982,0.000071042796779909097912,6.908,0.6260000000000002,1
2018-10-12,6565.9490380352000000,6567.5181031847824865,6530.8450356718734742,0.46855926176428263059,0.49943810589598725192,0.45858303410070171119,0.000070861951471347444502,0.000075889193772940134160,0.000071568480403305283906,13.016999999999996,2.8310000000000004,2
2018-10-13,6511.9537074590538451,6540.3116237733732647,6532.1298807549322941,0.45627206189998567130,0.48427819577179264408,0.46344764301666380347,0.000069390223916150547880,0.000073437936090225563910,0.000072205613725857866117,8.026000000000003,2.032,0
2018-10-14,6449.0365281323063830,6522.5671590097422644,6528.7246685521818351,0.44331349927849927850,0.47399250090955395474,0.46797373591928690371,0.000068212001955512099731,0.000072003578112815180660,0.000072820411694062898747,7.855999999999998,1.686,1
2018-10-15,6389.5500425478430813,6501.9486918268657557,6524.3954748757757977,0.43172127025462962963,0.46355771732831063460,0.47221409007644774443,0.000067337297434594869190,0.000070926092075671385104,0.000073358260918717262690,5.0180000000000025,-0.4090000000000001,1
2018-10-16,6409.9406202570969119,6513.6685361405696560,6530.5815109224531604,0.42675522988505747126,0.45609465786054569078,0.47638457461240310078,0.000066492453671123621863,0.000069586430757459831676,0.000073664379478466425353,5.079000000000001,2.5629999999999997,1
2018-10-17,6487.2993356291130064,6526.9588372886696277,6538.9754018198642059,0.43568224942396313364,0.45212995033112582781,0.48100888090891621829,0.000067090497098157961141,0.000068954809238228914125,0.000074009020637351418362,6.576000000000001,2.8070000000000004,2
2018-10-18,6573.3640047013448471,6542.5685489818390237,6549.2474527248294049,0.44909861715933669791,0.45269831308847840150,0.48650058137593895314,0.000068299893558951965066,0.000068882184200483399059,0.000074507898123712085608,3.7149999999999985,0.36900000000000005,2
2018-10-19,6650.9963981524024698,6550.5747412040056437,6563.4667448590187658,0.46016787870077608508,0.45176005616763879888,0.49209382142432528831,0.000069055970596242853253,0.000068611562540255056035,0.000075279532877011577951,2.2250000000000005,2.389,1
2018-10-20,6694.8265987994090464,6543.6143491368876325,6571.9509727658314063,0.46764647714285714286,0.44979948961253684135,0.49688000261879820969,0.000069540276243093922652,0.000068419704019645857568,0.000076053472237614983930,5.11,0.6569999999999999,0
2018-10-21,6668.6137841752442672,6539.2100105611874422,6577.2931724475782001,0.47166359284051222352,0.44906632275323548550,0.50071628612957800176,0.000070670206662553979025,0.000068297153897401732179,0.000076755199186685744408,1.3329999999999997,2.141,2
2018-10-22,6645.1099572693233629,6565.3548693755290568,6576.7543578322047244,0.47251372921970945035,0.45373525624082232012,0.49965082332925981837,0.000071084435426958362738,0.000068755389935256032961,0.000076692903706025229178,8.612000000000004,1.108,1
2018-10-23,6614.1848646156389660,6593.4469803906240115,6572.1618360645837255,0.46841726320653010935,0.45843842704997393312,0.49642006862013338791,0.000070735444104134762634,0.000069313542065009560229,0.000076194950655233780942,17.224000000000007,1.7770000000000001,0
2018-10-24,6583.6456802577730662,6618.0132369318912919,6566.9840714871284985,0.46342138954309938766,0.46172260393216268948,0.49249468700887352209,0.000070199141679160419790,0.000069536964201230089891,0.000075609335461167034946,8.371999999999998,1.1010000000000002,2
2018-10-25,6582.9359543759589142,6640.1962809427724830,6564.4908891576814839,0.46497630730319317104,0.46637933358348968105,0.48996135155436020450,0.000070526601449275362319,0.000069955191281816796220,0.000075270189622407667520,7.001000000000003,0.02399999999999993,2
2018-10-26,6579.6268781987532732,6624.5942521543558371,6567.9323211305669020,0.46456277141037886024,0.46827242967918503877,0.49011806377023244493,0.000070501863554757630162,0.000070592321606372386326,0.000075352930141753671165,7.125,0.40600000000000014,2
2018-10-27,6564.1423917964949949,6604.6071835668096379,6570.6434128479615995,0.46362543837153389966,0.46822032210607820364,0.48824759453035018502,0.000070545292747837658017,0.000070806924657534246575,0.000074930421765734265734,4.832000000000001,0.044000000000000004,1
2018-10-28,6551.5996016925954198,6582.9727306159935569,6571.4563474000182859,0.46363160000000000000,0.46609460569073472299,0.48623021828777440304,0.000070652763698630136986,0.000070691802241503976862,0.000074584815213491209186,3.6770000000000014,1.3339999999999999,2
2018-10-29,6536.2978145415766165,6560.0852006592087864,6564.8288397837327912,0.46497643715107426831,0.46416919618861470804,0.48377680446815937765,0.000071109923605805958747,0.000070649933774834437086,0.000074235712039948215276,5.509,0.678,1
2018-10-30,6505.6169150155454681,6544.5483323033776694,6560.4830727293148660,0.46136225305410122164,0.46325861230922362309,0.48060445838771207710,0.000070830312971342383107,0.000070675426829268292683,0.000073685038759689922481,5.365,0.9169999999999999,1
2018-10-31,6466.2065988734210526,6523.6930900378784750,6552.3301140787128074,0.45800452870304748405,0.46145854842767295597,0.47588630207938553273,0.000070751977584960231381,0.000070626492523869573050,0.000072872403841582275472,18.613000000000003,1.5230000000000001,1
2018-11-01,6426.3193376455469333,6496.2041627347395910,6543.5770666237616789,0.45450057331666368994,0.45930903607332939089,0.47148782099284277018,0.000070662334283677833215,0.000070601799724707501721,0.000072026905748695694573,10.662999999999998,0.8180000000000002,1
2018-11-02,6395.9591964898266410,6474.1399117875958702,6536.5191184147799995,0.45273636036036036036,0.45845210125064245332,0.46761537431574619002,0.000070778206307490144547,0.000070716746604058359886,0.000071355344742308833713,8.124,0.7050000000000001,2
2018-11-03,6381.5021153102059564,6459.0423215451279397,6533.9596161109991107,0.45338323251748251748,0.45927483490971625107,0.46534534847662609505,0.000071004401722546908643,0.000071051440013633265167,0.000070937177026280086428,2.821,0.20500000000000002,1
2018-11-04,6373.1512874702232143,6439.3879572144552761,6528.1244198264464161,0.45428911166165280481,0.45785023108689921799,0.46284834116699992210,0.000071228490756302521008,0.000071041073586917881266,0.000070636472018232463915,2.827000000000001,0.9730000000000001,1
2018-11-05,6385.7401790562488849,6425.8670079473473496,6522.4250098763580708,0.45682657780101062903,0.45741174573888596029,0.46065779462331978743,0.000071506310490418967197,0.000071149505475701574264,0.000070357337155032467532,8.508999999999999,0.14500000000000002,1
2018-11-06,6411.9233825546952030,6419.0858551666693878,6517.6950663308765113,0.46218834868645513477,0.45843266817904196841,0.45944721841843934563,0.000072176132812500000000,0.000071483668677645524213,0.000070283675097178050381,2.7699999999999974,0.5230000000000001,0
2018-11-07,6433.3632147822217308,6414.7082553379388072,6514.0802941783100839,0.47845855189058728882,0.46632487079224753485,0.46129774078136425363,0.000075211600518806744488,0.000073255692954479559293,0.000070862331197634302612,3.3909999999999996,1.1670000000000003,2
2018-11-08,6463.9888947867550059,6422.8756831329556869,6511.8675924394470659,0.49441781866583150642,0.47503028252788104089,0.46310178055345057357,0.000077262024714828897338,0.000074534997318315902387,0.000071291257254328212631,5.954000000000001,0.9100000000000003,2
2018-11-09,6491.9241861412217524,6433.1492368515797614,6507.5733404599110497,0.50525967235188509874,0.48191077752553916005,0.46437684647519582245,0.000078239109201425277720,0.000075547075532601678502,0.000071646058009859761643,3.8969999999999994,0.5420000000000001,1
2018-11-10,6500.5599909682451294,6443.7887276491891495,6502.6096016542160693,0.51387968782211750847,0.48774968552957139437,0.46558615896980461812,0.000079202464378888219948,0.000076263668279369805235,0.000071950645039071749941,8.44,0.6139999999999999,2
2018-11-11,6496.5908025526437807,6454.1123918525364734,6505.8171409200699727,0.52033099025974025974,0.49336249821951412519,0.46861285065497597984,0.000080248166207335170659,0.000076909143460964694182,0.000072450975739673623553,4.517000000000001,0.01999999999999985,1
2018-11-12,6487.7288799731912951,6460.1125706711338276,6510.2049253385519708,0.51658034153846153846,0.49794284489539090766,0.47172522148467458282,0.000079712721979621542940,0.000077536652457372116349,0.000072972013456020579796,16.457,0.9049999999999999,0
2018-11-13,6462.0967897648488568,6463.0541292672948602,6514.7686657463451167,0.51164257210031347962,0.50302299255777516647,0.47494457832922399852,0.000079173762833675564682,0.000078180540540540540541,0.000073422775480059084195,9.437000000000001,-0.735,2
2018-11-14,6445.4570783771415441,6469.2625728663245182,6517.9150737774007406,0.51283721625039519444,0.50894433699746329464,0.47848807047780665005,0.000079481159706546275395,0.000078768493084786530367,0.000073827699136627481586,3.555000000000001,2.583,1
2018-11-15,6410.3119793075239690,6456.4689570128889054,6503.7135020965258999,0.51099395613192443164,0.51249801549555078245,0.48032748416289592760,0.000079628405390230207748,0.000079380168539325842697,0.000074429962278939891246,3.2560000000000024,0.10900000000000004,1
2018-11-16,6255.7403548931073697,6375.7852398961382325,6467.4697790070649293,0.50159938712179984484,0.51119951588502269289,0.48034963318614672554,0.000080343809296781883194,0.000080293186714542190305,0.000075053583604673434208,1.9260000000000017,-0.3909999999999998,1
2018-11-17,6107.7072893224059505,6291.8246832797566551,6430.2080982548264946,0.49594186315789473684,0.50614344132633660354,0.48019703208271157536,0.000081286775510204081633,0.000080526315049226441632,0.000075538175095419847328,2.1020000000000008,0.641,1
2018-11-18,5943.5174233881186994,6192.7315356456995354,6392.0956420647377730,0.48959138826690550828,0.50034612784829484631,0.48030691430859583556,0.000082354942346823423016,0.000080865114797451616781,0.000076060299145299145299,6.571000000000001,-0.5750000000000002,2
2018-11-19,5786.8592802384193273,6104.2659394372539319,6360.6691479408046345,0.48757116357752280082,0.49974822601539282176,0.48215563899552143314,0.000084286658981345629847,0.000082238686552802501804,0.000076910585933861201677,1.997,1.4130000000000003,2
2018-11-20,5600.1789848021437704,5991.3278631826019546,6319.3421757196934095,0.48705885821110152430,0.49838673763163876051,0.48315236434623250378,0.000087207077817890092258,0.000084049419679419679420,0.000077854907704111567450,8.100999999999996,1.472,0
2018-11-21,5405.9475399524360795,5822.5801248549152788,6254.8904324568446400,0.48811359368269921034,0.49459653889178909688,0.48315808827411435510,0.000091606500099542106311,0.000086481256374091352935,0.000079144469920249653259,0.908999999999998,-0.49500000000000016,2
2018-11-22,5185.4243163374705799,5644.5340997494210639,6185.0999956730128925,0.48120893635198633063,0.48837546225863077823,0.48239313836775448000,0.000093788304537687488134,0.000088091443778420835056,0.000080139633268400101635,7.6899999999999995,0.42500000000000016,2
2018-11-23,4983.3684827385069787,5461.7345709930491687,6116.2084829043070576,0.47437709254242121774,0.48180871052439646999,0.48203720580516481209,0.000095333295650507760107,0.000089379855824084638523,0.000080982002456482148151,9.822000000000006,0.3379999999999999,2
2018-11-24,4736.4051932973735544,5255.6462008489289741,6039.5307905913268640,0.45492835720423947293,0.47102918571739603745,0.48002160478947782115,0.000096188552451650713030,0.000090447073516027909799,0.000081791015611885177103,4.045,0.05300000000000002,0
2018-11-25,4541.9990090926048780,5066.0357253403032435,5965.3290191801916147,0.43831540610974373824,0.46276750288600288600,0.47811172353432960602,0.000096773630901287553648,0.000091827827890098496630,0.000082374782988639673755,2.370000000000001,0.05600000000000001,2
2018-11-26,4367.2409908418313589,4881.6857668886513297,5874.3279377041744768,0.41436757343365648965,0.45138420756756756757,0.47398835529387352804,0.000094827520227421823748,0.000093140872329338196978,0.000083103712963714587223,-0.19399999999999956,1.2679999999999996,1
2018-11-27,4251.1959614789474418,4714.3793556988871705,5788.9586171548130219,0.40007672630212090607,0.44090969468931412599,0.47066996809386578839,0.000094043604255319148936,0.000093908692685863349052,0.000083803392006300452845,12.533999999999999,0.5389999999999994,0
2018-11-28,4094.7000816588518880,4536.4177611696551966,5696.7303576746620413,0.38304597779675491033,0.42866841572873628722,0.46687503811927892093,0.000093520191223832528180,0.000094449080200255227250,0.000084376389723441953625,8.559000000000006,-0.19499999999999992,2
2018-11-29,4044.4720543137835956,4390.3427035120519607,5618.6557828645966342,0.37659022417707150965,0.41557550858935063084,0.46426851129571471989,0.000093116212268743914314,0.000094650117038915439384,0.000085105182243168256623,11.116999999999996,-0.026000000000000023,2
2018-11-30,4027.4509894807960545,4284.3328077179383524,5549.3703036118070319,0.37164801434397412460,0.40449776842405650282,0.46191964069144251818,0.000092426157009345794393,0.000094449826156459186732,0.000085602172459139582942,5.902000000000003,0.649,0
2018-12-01,4084.1441902949416505,4225.4695930304153910,5476.5051541986975506,0.37474639925904816187,0.39440542719701321080,0.45929607800460322226,0.000092092996715927750411,0.000093417064803049555273,0.000086050277860994607549,2.1960000000000006,0.821,2
2018-12-02,4109.2759293703987773,4180.1461754727016494,5401.4702563110892417,0.37377585545297172533,0.38692743687779541192,0.45645649505540923322,0.000091244019675131548845,0.000092694348401323042999,0.000086503363894918045057,8.069,0.027,2
2018-12-03,4190.3941273202433259,4142.6147584738843263,5327.1317219505053936,0.37731943684516880093,0.38021518888968842196,0.45354467761511976419,0.000090272122266401590457,0.000092066322989656322990,0.000086888962782868898448,10.085,-0.186,0
2018-12-04,4169.9334431979340568,4107.2209362287047606,5249.5558719857583921,0.37281474633929892028,0.37474021509269988413,0.45042742794501650490,0.000089374449958643507031,0.000091567252596735532473,0.000087209809368393724734,12.856,0.6230000000000002,2
2018-12-05,4105.8863140354822547,4066.6197669745313586,5168.9170758735227516,0.36675709431137724551,0.36927821609862218999,0.44701531314521679284,0.000089302867340868530637,0.000091220865472910927456,0.000087677702145061154690,10.308999999999996,2.369,2
2018-12-06,4049.3011824073310105,4066.7548542663227108,5082.6361026882315900,0.36201999098693105002,0.36855141216908000585,0.44299863885005028577,0.000089383892738776739982,0.000090995265535343669882,0.000088193932049745280192,7.785000000000003,0.27500000000000013,2
2018-12-07,3979.2878372191848962,4044.3566250191922354,4993.3739245243802927,0.35539792481203007519,0.36477681908548707753,0.43657960079644059881,0.000089352247692765704079,0.000090421967658473479948,0.000088527875471841994891,8.993999999999993,1.0390000000000001,2
2018-12-08,3824.1708084361801977,4007.4062648947536877,4888.4387616715780369,0.34106870799881058579,0.35938761270868573950,0.42855487435828154553,0.000089237439252336448598,0.000089773359505727892908,0.000088765450843070833175,9.017000000000001,-0.207,0
2018-12-09,3710.9705877916339596,3940.4993920811049262,4786.4949651078992193,0.33069680023484514898,0.35167492153540116408,0.42140032831569383395,0.000089156454048424889352,0.000089262328602035350830,0.000089141060961087850036,16.999999999999993,0.0,2
2018-12-10,3629.5397212813039243,3867.6898262680855950,4691.4901864517846939,0.32250319718928414581,0.34438209104367135455,0.41498329682742363226,0.000088889108427543679342,0.000089080872622001654260,0.000089496343911038784920,4.457,1.1040000000000003,2
2018-12-11,3569.6484984774509804,3809.2088991523807866,4603.3380644400860266,0.31524623120712304773,0.33829695491226771304,0.40874310391263895010,0.000088370441777323799796,0.000088835182471661598009,0.000089667999536572178883,7.720999999999999,0.46500000000000025,1
2018-12-12,3506.8908222057759221,3742.9611702019768818,4514.1457581870650675,0.30908679733727810651,0.33205255798344395555,0.40283150313866295401,0.000088183497457853893497,0.000088736648343904157858,0.000089884179017839866878,3.2900000000000005,0.561,2
2018-12-13,3516.4494245549777097,3670.3562922994734643,4419.4425967842310833,0.31014066203143893591,0.32573336256652424856,0.39648140767333382177,0.000088188606060606060606,0.000088746147622427253371,0.000090146672508470615726,13.149999999999999,1.462,2
2018-12-14,3520.0340347909993012,3615.7210123232959063,4322.8704382564228268,0.31023608044164037855,0.32083603558394160584,0.38990589905982276554,0.000088069057283142389525,0.000088674639593908629442,0.000090352730582524271845,5.886999999999998,1.5399999999999998,0
2018-12-15,3471.9069276701858840,3550.8888078526938633,4225.2223221647001141,0.30710289292021191202,0.31515797993720805575,0.38374749428845161766,0.000088460220040622884225,0.000088704289262235208181,0.000090769401611047180667,7.051,0.5200000000000001,1
2018-12-16,3409.0661173279182988,3489.5957427264130283,4143.8315669186475467,0.30302820638020833333,0.30946982684315838079,0.37796430872450112232,0.000088984873456790123457,0.000088648636109558412521,0.000091147388933440256616,5.154000000000002,1.7559999999999996,1
2018-12-17,3379.8347394184311528,3443.5656121103595615,4065.9454616480859293,0.30093660420032310178,0.30519106031353772492,0.37195913885526543317,0.000089080395909805977976,0.000088636519666269368296,0.000091264354353164857799,11.641000000000002,-0.9460000000000006,1
2018-12-18,3367.1140016625252525,3442.0354962115421181,3994.8665365709603204,0.30027668753009147809,0.30535585396232290207,0.36626799575088317399,0.000089162367799811142587,0.000088735959394904458599,0.000091335027264524734220,10.143000000000006,0.8130000000000002,1
2018-12-19,3396.6334361375430250,3458.3759867844640235,3930.3619468208617644,0.30767901546470678303,0.30893902486402486402,0.36023582283172720534,0.000090203074105988797932,0.000089355908264033264033,0.000091464109384221916191,15.306000000000001,-0.3220000000000001,0
2018-12-20,3504.3183200526744999,3488.1224734347164930,3880.6744128785481960,0.32394836904761904762,0.31584700185356811863,0.35607291848886912262,0.000091770321700136478846,0.000090560617345045156501,0.000091673126454922075360,5.886000000000003,0.15300000000000002,2
2018-12-21,3655.1520218962396983,3532.2194485820732560,3856.1403768214544272,0.34079005226480836237,0.32298942675159235669,0.35268039195334124160,0.000092653760467380720545,0.000091234754000477668975,0.000091364533769758901485,2.3670000000000013,0.4920000000000001,0
2018-12-22,3813.5665675316615556,3597.2510265013471213,3840.4579937714944238,0.35668082490383245477,0.33056084267110841914,0.35035814783704325913,0.000093362271796970937372,0.000091485483388895275319,0.000091142072072072072072,5.443,0.045000000000000005,1
2018-12-23,3924.2773879645890697,3646.9229222449951110,3820.1970121112506389,0.36738526508226691042,0.33604456187692077056,0.34778180939941346083,0.000094045755460481873452,0.000091661748300103722485,0.000090977781329664549023,13.298000000000002,0.009000000000000003,1
2018-12-24,4024.1307221023109068,3711.0870312075050611,3811.5826174642175227,0.37490563239436619718,0.34269545634629493764,0.34651449344633881936,0.000093617941107184923439,0.000091834010803511141121,0.000090851179251049264496,3.0119999999999996,0.2210000000000002,2
2018-12-25,4101.0935314919921984,3803.3093005099881335,3807.2031601621853366,0.38423370647116875793,0.35490465102809151462,0.34701524976020069357,0.000094265699506230895838,0.000092901347404327896813,0.000091162265618734461464,5.887,7.651,2
2018-12-26,4079.8703919442439024,3867.7272508864250331,3808.2354083706705235,0.38692226734348561760,0.36419124114743543887,0.34816627629474720138,0.000095466568148510014656,0.000093901674252275682705,0.000091403500183127823221,7.403,0.6759999999999999,2
2018-12-27,4035.9259950109640067,3924.6952644662666481,3804.5492913320604159,0.38852871595879779879,0.37268173130095710741,0.34853458912706420889,0.000096956622433650475714,0.000094979186845365469084,0.000091538972183127742363,6.603000000000002,0.4800000000000001,1
2018-12-28,4009.7170838781108629,3966.9070966825801282,3805.9524824868547656,0.39047681818181818182,0.37887398939929328622,0.34908283856027198147,0.000097670731051344743276,0.000095784192262602579132,0.000091596500104887770086,2.95,-0.5420000000000001,1
2018-12-29,3947.1978913178970855,3985.6794363797567775,3795.3187119037340772,0.38697386234357224118,0.38091078055339324889,0.34830272404614019521,0.000098125517405817835002,0.000095858436833372837165,0.000091651040254237288136,2.149,0.049000000000000016,2
2018-12-30,3900.3622866532736430,4000.9257727083504363,3785.8207097184914876,0.37941652745995423341,0.38183949872195399034,0.34828173778983719783,0.000097314444444444444444,0.000095664526141712250350,0.000091827533195378513537,4.2250000000000005,4.7330000000000005,2
